"like_id","user_id","post_id","liked_at"
1,23,150,"2025-07-14 15:42:45.746774"
2,45,75,"2025-07-14 15:42:45.746774"
3,89,12,"2025-07-14 15:42:45.746774"
4,7,101,"2025-07-14 15:42:45.746774"
5,33,188,"2025-07-14 15:42:45.746774"
6,56,110,"2025-07-14 15:42:45.746774"
7,18,66,"2025-07-14 15:42:45.746774"
8,92,129,"2025-07-14 15:42:45.746774"
9,12,5,"2025-07-14 15:42:45.746774"
10,61,178,"2025-07-14 15:42:45.746774"
11,38,154,"2025-07-14 15:42:45.746774"
12,73,41,"2025-07-14 15:42:45.746774"
13,81,62,"2025-07-14 15:42:45.746774"
14,19,80,"2025-07-14 15:42:45.746774"
15,64,144,"2025-07-14 15:42:45.746774"
16,29,94,"2025-07-14 15:42:45.746774"
17,40,115,"2025-07-14 15:42:45.746774"
18,97,177,"2025-07-14 15:42:45.746774"
19,14,138,"2025-07-14 15:42:45.746774"
20,25,121,"2025-07-14 15:42:45.746774"
21,68,163,"2025-07-14 15:42:45.746774"
22,8,45,"2025-07-14 15:42:45.746774"
23,35,17,"2025-07-14 15:42:45.746774"
24,50,133,"2025-07-14 15:42:45.746774"
25,26,20,"2025-07-14 15:42:45.746774"
26,90,70,"2025-07-14 15:42:45.746774"
27,84,34,"2025-07-14 15:42:45.746774"
28,16,192,"2025-07-14 15:42:45.746774"
29,60,156,"2025-07-14 15:42:45.746774"
30,4,47,"2025-07-14 15:42:45.746774"
31,36,18,"2025-07-14 15:42:45.746774"
32,75,93,"2025-07-14 15:42:45.746774"
33,98,173,"2025-07-14 15:42:45.746774"
34,11,143,"2025-07-14 15:42:45.746774"
35,100,199,"2025-07-14 15:42:45.746774"
36,52,23,"2025-07-14 15:42:45.746774"
37,77,198,"2025-07-14 15:42:45.746774"
38,85,165,"2025-07-14 15:42:45.746774"
39,2,59,"2025-07-14 15:42:45.746774"
40,95,136,"2025-07-14 15:42:45.746774"
41,10,126,"2025-07-14 15:42:45.746774"
42,21,55,"2025-07-14 15:42:45.746774"
43,67,171,"2025-07-14 15:42:45.746774"
44,43,180,"2025-07-14 15:42:45.746774"
45,71,31,"2025-07-14 15:42:45.746774"
46,13,6,"2025-07-14 15:42:45.746774"
47,87,105,"2025-07-14 15:42:45.746774"
48,39,191,"2025-07-14 15:42:45.746774"
49,27,2,"2025-07-14 15:42:45.746774"
50,30,142,"2025-07-14 15:42:45.746774"
51,22,130,"2025-07-14 15:42:45.746774"
52,79,100,"2025-07-14 15:42:45.746774"
53,1,60,"2025-07-14 15:42:45.746774"
54,58,179,"2025-07-14 15:42:45.746774"
55,66,7,"2025-07-14 15:42:45.746774"
56,41,111,"2025-07-14 15:42:45.746774"
57,6,132,"2025-07-14 15:42:45.746774"
58,44,83,"2025-07-14 15:42:45.746774"
59,20,10,"2025-07-14 15:42:45.746774"
60,5,37,"2025-07-14 15:42:45.746774"
61,93,95,"2025-07-14 15:42:45.746774"
62,47,196,"2025-07-14 15:42:45.746774"
63,9,84,"2025-07-14 15:42:45.746774"
64,17,50,"2025-07-14 15:42:45.746774"
65,3,21,"2025-07-14 15:42:45.746774"
66,62,122,"2025-07-14 15:42:45.746774"
67,91,25,"2025-07-14 15:42:45.746774"
68,99,102,"2025-07-14 15:42:45.746774"
69,28,169,"2025-07-14 15:42:45.746774"
70,42,33,"2025-07-14 15:42:45.746774"
71,86,13,"2025-07-14 15:42:45.746774"
72,31,86,"2025-07-14 15:42:45.746774"
73,78,58,"2025-07-14 15:42:45.746774"
74,32,109,"2025-07-14 15:42:45.746774"
75,74,174,"2025-07-14 15:42:45.746774"
76,63,39,"2025-07-14 15:42:45.746774"
77,37,194,"2025-07-14 15:42:45.746774"
78,80,26,"2025-07-14 15:42:45.746774"
79,83,112,"2025-07-14 15:42:45.746774"
80,96,76,"2025-07-14 15:42:45.746774"
81,24,127,"2025-07-14 15:42:45.746774"
82,49,149,"2025-07-14 15:42:45.746774"
83,46,38,"2025-07-14 15:42:45.746774"
84,70,135,"2025-07-14 15:42:45.746774"
85,53,120,"2025-07-14 15:42:45.746774"
86,88,69,"2025-07-14 15:42:45.746774"
87,15,48,"2025-07-14 15:42:45.746774"
88,65,108,"2025-07-14 15:42:45.746774"
89,34,67,"2025-07-14 15:42:45.746774"
90,57,173,"2025-07-14 15:42:45.746774"
91,76,14,"2025-07-14 15:42:45.746774"
92,69,114,"2025-07-14 15:42:45.746774"
93,59,186,"2025-07-14 15:42:45.746774"
94,55,151,"2025-07-14 15:42:45.746774"
95,72,104,"2025-07-14 15:42:45.746774"
96,94,97,"2025-07-14 15:42:45.746774"
97,82,140,"2025-07-14 15:42:45.746774"
98,48,32,"2025-07-14 15:42:45.746774"
99,21,43,"2025-07-14 15:42:45.746774"
100,100,36,"2025-07-14 15:42:45.746774"
